Designator,Footprint,Quantity,Value,LCSC Part #
"C1, C3, C30, C34, C35, C36",0603,6,220pF,
"C11, C21",0402,2,100n,
"C12, C13, C14, C15, C18, C19",0805,6,10u,C469541
C16,0402,1,1.2n,
"C2, C33",C_Rect_L11.0mm_W5.1mm_P10.00mm_MKT,2,10n,C183540
"C22, C32",CP_Radial_D10.0mm_P5.00mm,2,1000u,C2960265
"C23, C28",0402,2,100n,C162179
"C24, C31",0805,2,10u 35v,C469541
"C26, C29",0402,2,100n,C92753
"C27, C47, C5",CP_Radial_D8.0mm_P3.50mm,3,220u,C45072
"C37, C38",0603,2,10n,
"C39, C40",0603,2,4.7n,
C4,CP_EIA-7343-31_Kemet-D,1,100u,C189619
"C41, C42, C43, C44, C45, C46, C48, C49",0603,8,10n,C3836718
"C6, C7, C8, C9",0805,4,10u,C117956
"CSR1, CSR2",R_4527,2,0.1R 5W,C5127890
"CU1, CU10, CU11, CU13, CU15, CU16, CU17, CU18, CU19, CU2, CU20, CU21, CU22, CU23, CU24, CU25, CU26, CU27, CU28, CU29, CU3, CU30, CU31, CU32, CU33, CU34, CU35, CU36, CU37, CU38, CU39, CU4, CU40, CU41, CU42, CU43, CU44, CU45, CU46, CU47, CU48, CU5, CU6, CU7, CU8, CU9",0603,46,100n,
"CU12, CU14",0805,2,1u,C24123
"D1, D14, D15, D16, D17, D2, D7, D9",D_SOD-123,8,1N4148W,C5345962
"D3, D4, D8",0603,3,LED,C79636
"D5, D6",SOT-23,2,MMBZ5242BLT3G,C896784
HS1,Heatsink_Fischer_SK104-STCB_35x13mm__2xDrill3.5mm_ScrewM3,1,Heatsink_Pad_2Pin,
"J1, J10, J18, J19, J2, J20, J21, J27, J29, J3, J30, J31, J32, J6, J8, J9",PinHeader_1x03_P2.54mm_Vertical,16,Conn_01x03_Male, C2914353
"J11, J14",SolderJumper-2_P1.3mm_Open_Pad1.0x1.5mm,2,CSR_Bypass,C124375
"J12, J15",TerminalBlock_Spring_2_P5.08mm,2,SpringTerminal,C35616
J13,Banana_Jack_1Pin,1,Ban1,
"J16, J22",BarrelJack_Wuerth_6941xx301002,2,Barrel_Jack,C3096082
J17,Banana_Jack_1Pin,1,Ban2,
"J24, J28",PinHeader_1x02_P2.54mm_Vertical,2,CSR_Bypass,C124375
J25,Banana_Jack_1Pin,1,Ban3,
J5,IDC-Header_2x15_P2.54mm_Vertical,1,Conn_02x15_Odd_Even,C358748
"JP1, JP2, JP20, JP21",SolderJumper-2_P1.3mm_Bridged_RoundedPad1.0x1.5mm,4,bridge,
"JP10, JP12, JP13, JP14, JP15, JP16, JP17, JP18, JP3, JP4, JP5, JP6, JP7, JP9",SolderJumper-2_subtle,14,GND,
L1,L_Bourns_SRN6045TA,1,3.3u,C3221229
"PRC1, PRC2",TerminalBlock_RND_205-00232_1x02_P5.08mm_Horizontal,2,Conn_01x02, C430601
PWR_SW1,SW_Slide_1P2T_CK_OS102011MS2Q,1,SW_SPST,C431547
"Q1, Q3, Q5",TO-220-3_Vertical,3,FQP27P06,C7503194
"Q2, Q4, Q6",TO-220-3_Vertical,3,IRLZ44N,C22367197
"R1, R115, R116, R12, R49, R59, R63, R8",0603,8,0,
"R10, R61",0603,2,2.7k,
"R100, R124, R125, R15, R17, R21, R3, R33, R34, R35, R36, R42, R43, R44, R46, R5, R51, R53, R55, R67, R7, R70, R73, R92, R93, R95, R96, R97",0603,28,1k,
"R101, R98",0603,2,205,C403059
"R102, R99",0603,2,32.4,C861326
"R103, R104, R2, R50",0603,4,510,C860931
"R105, R106, R107, R108, R109, R110, R111, R112, R14, R19, R20, R4, R52, R65, R68, R69",0603,16,1.01k,C861188
"R11, R18, R58, R71",0603,4,11,
"R117, R56, R72, R94",0603,4,2.2k,
"R118, R119, R120, R121",0402,4,787,C728564
"R122, R123",0603,2,392,C861870
"R126, R127, R128, R129, R130, R131, R132, R133, R134, R135, R16, R22, R66, R74",0603,14,10k,
"R13, R62",0603,2,20k,
R23,0603,1,120,
"R26, R40",R_13.5x7.3mm,2,100R 5W,C6489070
"R27, R29, R37, R38",0603,4,10,
R28,0402,1,10R,C138066
R30,0402,1,20K,
R31,0402,1,12K,C25752
R32,0402,1,2.2k,
"R41, R48",0603,2,510,
"R45, R47",0402,2,12K 1%,C25535
"R54, R6",0603,2,1Meg,
"R60, R76",0603,2,576,C705869
"R64, R77",0603,2,374,C666871
"R90, R91",0603,2,47,
"RV10, RV7",Potentiometer_Bourns_3314G_Vertical,2,1k,C780221
"SW1, SW2",SW_Slide-SSSS918700,2,SW_SP3T,C390919
SW3,PinHeader_2x02_P2.54mm_Vertical,1,SW_DPST, C5272597
"TP1, TP2",TestPoint_THTPad_D2.0mm_Drill1.0mm,2,TP,
"TP10, TP11, TP12, TP13, TP14, TP15, TP16, TP17, TP18, TP19, TP20, TP21, TP22, TP23, TP26, TP27, TP28, TP29, TP30, TP39, TP40, TP41, TP42, TP43, TP44, TP5, TP6, TP7, TP8, TP9",TestPoint_THTPad_D2.0mm_Drill1.0mm,30,TestPoint,C238122
"TP24, TP4",TestPoint_THTPad_D2.0mm_Drill1.0mm,2,RectOut,C238122
"TP25, TP3, TP37, TP38",TestPoint_THTPad_D2.0mm_Drill1.0mm,4,TestPoint,
"TP31, TP32",TestPoint_THTPad_D2.0mm_Drill1.0mm,2,CGain_Out2,C238122
"TP33, TP34",TestPoint_THTPad_D2.0mm_Drill1.0mm,2,CRect_Out1,C238122
"TP35, TP36",TestPoint_THTPad_D2.0mm_Drill1.0mm,2,CClamp_Out1,C238122
"U1, U26, U31, U32",SOT-23-6,4,74LVC1G11, C22356918
U10,SOIC-8-1EP_3.9x4.9mm_P1.27mm_EP2.95x4.9mm_Mask2.71x3.4mm_ThermalVias,1,AP64501SP,C2071517
U11,SOP-8_3.76x4.96mm_P1.27mm,1,LM7332,C97826
U12,SOIC-8_3.9x4.9mm_P1.27mm,1,TC4427xOA,C636893
"U13, U14, U18, U19, U22, U23, U24, U25, U27, U28, U4, U6",SOP-8_3.76x4.96mm_P1.27mm,12,OPA1612AxD,C94590
"U15, U5",SOP-8_3.76x4.96mm_P1.27mm,2,LM393,C7955
"U16, U2",SOIC-14_3.9x8.7mm_P1.27mm,2,LF398_SOIC14,C2864267
"U17, U21, U29, U3",SOP-8_3.76x4.96mm_P1.27mm,4,OPA2350,C55904
U20,VSSOP-8_2.3x2mm_P0.5mm,1,74AUC2G86,C2876515
U7,Teensy4.1A,1,Teensy4.1A,C41376163
U8,Teensy4.1B,1,Teensy4.1B,C41376163
U9,SOIC-8_3.9x4.9mm_P1.27mm,1,TC4426,C148047
