Designator,Mid X,Mid Y,Rotation,Layer
C1,89.408,-58.9788,180.0,top
C11,239.688877,-101.889751,0.0,top
C12,221.712877,-105.600551,270.0,top
C13,221.690877,-101.984351,90.0,top
C14,224.175877,-102.034351,90.0,top
C15,226.665877,-102.034351,90.0,top
C16,238.934077,-103.261351,180.0,top
C18,224.175877,-105.590351,270.0,top
C19,226.665877,-105.590351,270.0,top
C2,110.0112,-71.8312,180.0,top
C22,190.754,-116.210323,270.0,top
C23,236.728,-116.586,90.0,top
C24,220.726,-118.11,270.0,top
C26,223.774,-118.998,270.0,top
C27,154.3812,-117.9856,270.0,top
C28,230.9368,-127.762,270.0,top
C29,220.6752,-133.4288,270.0,top
C3,89.139223,-73.345777,180.0,top
C30,96.5355,-124.444104,180.0,top
C31,218.7956,-134.173935,270.0,top
C32,190.785,-127.976,270.0,top
C33,114.253,-125.984,180.0,top
C34,92.71,-137.414,180.0,top
C35,62.1504,-66.027,0.0,top
C36,63.627,-138.811,180.0,top
C37,120.904,-50.674,270.0,top
C38,121.92,-145.478138,270.0,top
C39,120.904,-53.976,90.0,top
C4,234.696,-91.2876,0.0,top
C40,121.92,-148.830938,90.0,top
C41,146.558,-47.9552,270.0,top
C42,146.1008,-142.24,270.0,top
C43,130.048,-54.864,180.0,top
C44,130.9494,-149.694538,180.0,top
C45,134.874,-50.0758,270.0,top
C46,136.2964,-143.8656,270.0,top
C48,144.78,-47.9552,270.0,top
C49,147.9296,-142.24,270.0,top
C5,154.5844,-80.716949,270.0,top
C6,245.811,-86.995,0.0,top
C7,242.001,-86.995,180.0,top
C8,245.811,-89.281,0.0,top
C9,242.001,-89.281,180.0,top
CSR1,79.883,-93.599,180.0,top
CSR2,79.883,-104.394,180.0,top
CU1,143.8409,-62.2194,180.0,top
CU10,244.602,-81.407,0.0,top
CU11,155.953304,-88.299946,0.0,top
CU12,156.153304,-90.399946,0.0,top
CU13,156.515803,-102.814946,0.0,top
CU14,156.365803,-104.994946,0.0,top
CU15,164.4,-105.25,270.0,top
CU16,172.1,-108.85,270.0,top
CU17,147.95,-117.875,270.0,top
CU18,132.426804,-127.099946,180.0,top
CU19,92.595554,-129.066904,270.0,top
CU2,100.312413,-63.738186,270.0,top
CU20,151.178304,-128.441946,180.0,top
CU21,100.7855,-132.5822,270.0,top
CU22,166.628304,-134.099946,90.0,top
CU23,108.966,-133.985,90.0,top
CU24,118.237,-134.2006,90.0,top
CU25,128.351804,-135.099946,180.0,top
CU26,209.756,-97.79,0.0,top
CU27,214.49,-97.79,0.0,top
CU28,64.665,-72.9618,90.0,top
CU29,57.1974,-69.456,90.0,top
CU3,109.598413,-63.776986,270.0,top
CU30,73.53118,-55.792152,180.0,top
CU31,70.02598,-63.158152,180.0,top
CU32,129.6847,-47.6102,180.0,top
CU33,126.1287,-54.773,180.0,top
CU34,94.393837,-53.513519,90.0,top
CU35,60.9854,-125.2245,270.0,top
CU36,68.3006,-128.8821,270.0,top
CU37,78.74,-136.6774,180.0,top
CU38,75.0849,-144.0434,180.0,top
CU39,142.9512,-142.4402,180.0,top
CU4,127.753304,-63.809946,180.0,top
CU40,139.446,-149.603,180.0,top
CU41,93.205,-152.908,180.0,top
CU42,141.7363,-47.4218,180.0,top
CU43,138.0917,-54.6354,180.0,top
CU44,131.2189,-142.318357,180.0,top
CU45,127.5966,-149.694538,180.0,top
CU46,207.264,-88.392,180.0,top
CU47,204.851,-97.79,0.0,top
CU48,200.025,-97.79,0.0,top
CU49,180.0352,-69.9,270.0,top
CU5,89.039223,-64.045777,270.0,top
CU50,154.178,-64.3636,270.0,top
CU51,154.178,-67.6656,90.0,top
CU52,156.2994,-64.3636,90.0,top
CU53,187.2996,-73.3544,270.0,top
CU6,97.239223,-67.545777,270.0,top
CU7,173.498454,-69.4814,90.0,top
CU8,123.678304,-71.809946,180.0,top
CU9,147.775,-80.675,270.0,top
D1,120.778304,-62.174946,0.0,top
D14,66.36838,-59.170352,90.0,top
D15,71.203,-138.176,90.0,top
D16,67.63838,-54.852352,0.0,top
D17,72.517,-134.366,0.0,top
D2,119.578304,-67.474946,90.0,top
D3,248.539,-92.329,90.0,top
D4,203.104,-116.597,90.0,top
D5,227.008064,-117.982,270.0,top
D6,223.763203,-133.985935,0.0,top
D7,125.451804,-125.464946,0.0,top
D8,203.2,-134.366,90.0,top
D9,124.251804,-130.764946,90.0,top
J1,78.486,-68.987017,270.0,top
J10,148.4376,-148.2852,180.0,top
J12,65.532,-86.492,90.0,top
J15,65.405,-111.633,90.0,top
J16,246.9392,-99.348,180.0,top
J18,80.264,-125.476,270.0,top
J19,114.3,-50.797,90.0,top
J2,80.264,-129.54,270.0,top
J20,114.3,-54.737,90.0,top
J21,114.3,-142.691796,90.0,top
J22,246.9392,-112.7008,180.0,top
J23,151.2824,-66.4972,0.0,top
J24,94.4626,-58.6994,0.0,top
J27,114.3,-146.561242,90.0,top
J28,102.743,-125.349,270.0,top
J29,179.324,-85.8774,270.0,top
J3,114.3,-46.736,90.0,top
J30,114.3,-150.622,90.0,top
J31,179.2732,-82.042,270.0,top
J32,183.6928,-57.2516,180.0,top
J35,156.321,-51.276,0.0,top
J36,155.432,-146.477,180.0,top
J37,102.854,-51.276,0.0,top
J38,100.981,-146.477,180.0,top
J4,173.1772,-56.0832,90.0,top
J5,212.852,-51.562,270.0,top
J6,176.1744,-48.8696,270.0,top
J7,232.3084,-83.82,90.0,top
J8,147.0152,-53.9496,180.0,top
J9,78.486,-73.406,270.0,top
L1,235.9152,-97.3328,90.0,top
PRC1,111.371303,-86.6985,180.0,top
PRC2,111.374,-111.5485,0.0,top
PWR_SW1,252.1712,-87.7504,270.0,top
Q1,140.938304,-85.574946,180.0,top
Q15,162.4076,-67.8039,180.0,top
Q16,162.4076,-63.5508,180.0,top
Q2,141.038304,-92.274946,180.0,top
Q3,141.128304,-105.179946,180.0,top
Q4,141.138304,-111.424946,180.0,top
Q5,233.299,-118.998,90.0,top
Q6,227.570259,-134.493935,270.0,top
R1,86.1314,-58.9788,180.0,top
R10,183.3372,-77.2282,270.0,top
R100,65.977,-151.892,0.0,top
R101,65.977,-150.114,0.0,top
R102,65.977,-148.336,0.0,top
R103,135.4836,-69.7992,270.0,top
R104,139.5984,-133.7056,270.0,top
R105,66.31758,-63.259752,90.0,top
R106,71.203,-142.748,90.0,top
R107,73.68358,-64.148752,0.0,top
R108,78.613,-144.018,0.0,top
R109,70.96578,-55.004752,90.0,top
R11,85.598,-66.802,180.0,top
R110,75.946,-135.128,90.0,top
R111,78.613,-58.293,180.0,top
R112,84.836,-139.446,180.0,top
R115,80.772,-55.753,0.0,top
R116,84.836,-137.668,0.0,top
R117,123.952,-147.814938,90.0,top
R118,133.096,-53.316015,270.0,top
R119,133.096,-50.123108,270.0,top
R12,133.7564,-67.1576,0.0,top
R120,134.62,-147.865738,270.0,top
R121,134.5692,-143.852538,270.0,top
R122,134.874,-53.277,270.0,top
R123,136.4996,-147.814938,270.0,top
R124,138.178845,-47.377427,0.0,top
R125,139.2986,-142.3894,0.0,top
R126,141.732,-54.61,0.0,top
R127,142.9562,-149.603,0.0,top
R128,185.2168,-77.2404,90.0,top
R129,187.198,-67.7286,90.0,top
R13,112.4204,-67.7164,0.0,top
R130,199.39,-86.487,90.0,top
R131,204.216,-86.487,90.0,top
R132,183.134,-90.106,270.0,top
R133,187.325,-89.916,270.0,top
R134,191.389,-89.916,270.0,top
R135,193.4972,-90.1192,270.0,top
R136,156.2608,-67.7164,270.0,top
R137,165.3926,-70.2564,0.0,top
R138,168.5036,-73.3552,0.0,top
R139,165.3032,-73.3552,180.0,top
R14,130.753304,-68.874946,90.0,top
R140,201.2696,-90.7918,90.0,top
R141,212.2038,-90.9828,180.0,top
R142,181.9656,-66.1152,90.0,top
R143,230.9368,-61.468,180.0,top
R144,230.048036,-107.272283,0.0,top
R15,173.0248,-62.2808,90.0,top
R16,181.6608,-77.2282,270.0,top
R17,89.039223,-71.045777,180.0,top
R18,92.439223,-71.045777,180.0,top
R19,119.578304,-71.874946,90.0,top
R2,88.227649,-143.371578,270.0,top
R20,129.878304,-71.874946,0.0,top
R21,96.239423,-71.552977,90.0,top
R22,179.9844,-75.5904,270.0,top
R23,251.206,-94.488,180.0,top
R26,96.1483,-87.9856,0.0,top
R27,150.378304,-92.644946,180.0,top
R28,237.481677,-101.907351,0.0,top
R29,150.353304,-95.144946,180.0,top
R3,89.408,-60.681777,180.0,top
R30,238.476877,-104.396551,0.0,top
R31,236.993758,-105.796314,180.0,top
R32,234.232477,-107.376151,180.0,top
R33,164.5,-100.7,270.0,top
R34,167.3,-100.75,270.0,top
R35,170.125,-100.75,270.0,top
R36,172.126079,-104.912098,90.0,top
R37,150.815803,-107.194946,180.0,top
R38,150.865803,-109.794946,180.0,top
R4,124.878304,-62.274946,90.0,top
R40,96.500218,-110.330641,0.0,top
R41,203.962,-119.507,180.0,top
R42,166.9,-112.45,180.0,top
R43,169.85,-113.275,90.0,top
R44,172.55,-113.25,90.0,top
R45,226.06,-122.046,270.0,top
R46,166.9,-114.45,0.0,top
R47,222.821047,-130.67602,270.0,top
R48,202.375,-131.318,180.0,top
R49,93.359754,-124.444104,180.0,top
R5,166.806254,-62.314346,0.0,top
R50,82.423,-62.421,270.0,top
R51,96.5355,-126.069704,180.0,top
R52,129.1435,-126.3,90.0,top
R53,159.353304,-126.649946,0.0,top
R54,162.778304,-126.649946,0.0,top
R55,183.642,-66.103,90.0,top
R56,122.936,-49.681282,90.0,top
R58,87.63,-128.27,180.0,top
R59,100.7855,-129.413,270.0,top
R6,170.406254,-62.314346,0.0,top
R60,89.3826,-57.2008,0.0,top
R61,185.3184,-66.103,90.0,top
R62,108.966,-130.683,90.0,top
R63,139.5984,-130.464946,0.0,top
R64,104.013,-128.651,90.0,top
R65,135.426804,-132.164946,90.0,top
R66,158.478304,-133.974946,90.0,top
R67,166.8272,-128.6764,270.0,top
R68,124.251804,-135.164946,90.0,top
R69,134.551804,-135.164946,0.0,top
R7,166.116,-67.564,270.0,top
R70,92.5855,-135.636,180.0,top
R71,95.9855,-135.636,180.0,top
R72,123.952,-144.614538,90.0,top
R73,99.811354,-136.144,90.0,top
R74,159.766,-136.5504,180.0,top
R76,98.933,-125.285,90.0,top
R77,91.8464,-58.1538,90.0,top
R8,97.2566,-64.1604,90.0,top
R90,60.474,-64.262,0.0,top
R91,69.088,-132.08,0.0,top
R92,58.7986,-66.027,0.0,top
R93,66.548,-132.905,90.0,top
R94,122.936,-53.023,90.0,top
R95,63.119,-61.15,270.0,top
R96,63.373,-132.842,180.0,top
R97,66.040405,-45.636139,0.0,top
R98,66.015005,-47.312539,0.0,top
R99,66.015005,-48.912739,0.0,top
RV1,159.2004,-72.2884,90.0,top
RV10,105.156,-134.366,0.0,top
RV7,113.1316,-62.8396,180.0,top
SW1,77.216,-48.768,180.0,top
SW2,77.216,-149.606,180.0,top
SW3,235.658763,-134.829091,0.0,top
TP18,60.452,-100.584,0.0,top
TP20,127.43,-116.2,0.0,top
TP22,183.642,-121.793,0.0,top
TP23,201.0,-124.2624,0.0,top
TP26,57.662516,-133.381408,0.0,top
TP27,187.1472,-82.9056,0.0,top
TP28,57.658,-59.563,0.0,top
TP29,83.866648,-141.893311,0.0,top
TP30,82.886342,-59.089976,0.0,top
TP49,177.9524,-78.6892,0.0,top
TP5,142.110143,-71.201097,0.0,top
TP7,126.57,-80.58,0.0,top
TP8,147.85,-85.46,0.0,top
U1,213.741,-94.856,90.0,top
U10,232.116477,-103.806551,270.0,top
U11,168.225,-107.05,0.0,top
U12,156.440803,-109.159946,90.0,top
U13,96.5105,-130.8322,0.0,top
U14,130.076804,-131.099946,270.0,top
U15,162.1536,-131.8768,180.0,top
U16,113.538,-133.731,90.0,top
U17,149.428304,-132.679446,270.0,top
U18,60.8584,-71.192,180.0,top
U19,71.78138,-59.518952,270.0,top
U2,105.026413,-64.247186,270.0,top
U20,206.698,-90.5045,180.0,top
U21,90.551,-51.6865,180.0,top
U22,127.9536,-51.181,270.0,top
U23,129.3771,-145.960738,270.0,top
U24,139.91,-51.054,270.0,top
U25,141.2265,-145.9708,270.0,top
U26,208.981,-94.8615,90.0,top
U27,64.643,-127.0025,0.0,top
U28,76.9645,-140.335,270.0,top
U29,92.075,-147.828,180.0,top
U3,142.1409,-66.3194,270.0,top
U30,183.6674,-71.6377,0.0,top
U31,204.155,-94.8615,90.0,top
U32,199.305,-94.89,90.0,top
U36,158.5976,-66.548,270.0,top
U4,92.964223,-65.795777,0.0,top
U5,169.806254,-67.714346,180.0,top
U6,125.403304,-67.809946,270.0,top
U7,221.234,-63.596769,180.0,top
U8,221.234,-78.836769,180.0,top
U9,155.778304,-94.544946,90.0,top
